#TradeId,ResultId,ResultType,ResultValue
FMM_BERMUDAN_PAYER_USD_SOFR_5Y,PricingConfigEngine,string,Grid
FMM_BERMUDAN_PAYER_USD_SOFR_5Y,PricingConfigModel,string,LGM
FMM_BERMUDAN_PAYER_USD_SOFR_5Y,PricingConfigProductType[0],string,AmericanSwaption
FMM_BERMUDAN_PAYER_USD_SOFR_5Y,PricingConfigProductType[1],string,AmericanSwaption_NonStandard
FMM_BERMUDAN_PAYER_USD_SOFR_5Y,PricingConfigProductType[2],string,BermudanSwaption
FMM_BERMUDAN_PAYER_USD_SOFR_5Y,PricingConfigProductType[3],string,BermudanSwaption_NonStandard
FMM_BERMUDAN_PAYER_USD_SOFR_5Y,PricingConfigProductType[4],string,EuropeanSwaption
FMM_BERMUDAN_PAYER_USD_SOFR_5Y,PricingConfigProductType[5],string,EuropeanSwaption_NonStandard
FMM_BERMUDAN_PAYER_USD_SOFR_5Y,amount[1],double,405555.555555554572
FMM_BERMUDAN_PAYER_USD_SOFR_5Y,amount[2],double,406110.370495080831
FMM_BERMUDAN_PAYER_USD_SOFR_5Y,atmForward,double,0.039910719129
FMM_BERMUDAN_PAYER_USD_SOFR_5Y,currentNotional[1],double,10000000.000000000000
FMM_BERMUDAN_PAYER_USD_SOFR_5Y,currentNotional[2],double,10000000.000000000000
FMM_BERMUDAN_PAYER_USD_SOFR_5Y,index[2],string,SOFRON Actual/360
FMM_BERMUDAN_PAYER_USD_SOFR_5Y,isPayer[1],bool,true
FMM_BERMUDAN_PAYER_USD_SOFR_5Y,isPayer[2],bool,false
FMM_BERMUDAN_PAYER_USD_SOFR_5Y,isdaAssetClass,string,Interest Rate
FMM_BERMUDAN_PAYER_USD_SOFR_5Y,isdaBaseProduct,string,Option
FMM_BERMUDAN_PAYER_USD_SOFR_5Y,isdaSubProduct,string,Swaption
FMM_BERMUDAN_PAYER_USD_SOFR_5Y,isdaTransaction,string,
FMM_BERMUDAN_PAYER_USD_SOFR_5Y,legType[1],string,Fixed
FMM_BERMUDAN_PAYER_USD_SOFR_5Y,legType[2],string,Floating
FMM_BERMUDAN_PAYER_USD_SOFR_5Y,notionalCurrency[1],string,USD
FMM_BERMUDAN_PAYER_USD_SOFR_5Y,notionalCurrency[2],string,USD
FMM_BERMUDAN_PAYER_USD_SOFR_5Y,originalNotional[1],double,10000000.000000000000
FMM_BERMUDAN_PAYER_USD_SOFR_5Y,originalNotional[2],double,10000000.000000000000
FMM_BERMUDAN_PAYER_USD_SOFR_5Y,paymentDate[1],string,2027-02-12
FMM_BERMUDAN_PAYER_USD_SOFR_5Y,paymentDate[2],string,2027-02-12
FMM_BERMUDAN_PAYER_USD_SOFR_5Y,rate[1],double,0.040000000000
FMM_BERMUDAN_PAYER_USD_SOFR_5Y,rate[2],double,0.040054721473
FMM_BERMUDAN_PAYER_USD_SOFR_5Y,spreadCorrection,double,-0.000000000000
FMM_BERMUDAN_PAYER_USD_SOFR_5Y,spread[2],double,0.000000000000
FMM_BERMUDAN_PAYER_USD_SOFR_5Y,euroepanOptionNpvMax_optionDate,date,2027-02-12
FMM_BERMUDAN_PAYER_USD_SOFR_5Y,euroepanOptionNpvMax_optionTime,double,2.005479452055
FMM_BERMUDAN_PAYER_USD_SOFR_5Y,europeanOptionNpvMax,double,196680.563556544221
FMM_BERMUDAN_PAYER_USD_SOFR_5Y,europeanOptionNpv_0,double,174925.980488436471
FMM_BERMUDAN_PAYER_USD_SOFR_5Y,europeanOptionNpv_1,double,196680.563556544221
FMM_BERMUDAN_PAYER_USD_SOFR_5Y,europeanOptionNpv_2,double,176681.879769650492
FMM_BERMUDAN_PAYER_USD_SOFR_5Y,europeanOptionNpv_3,double,133947.807470179163
FMM_BERMUDAN_PAYER_USD_SOFR_5Y,europeanOptionNpv_4,double,68887.317550439941
FMM_BERMUDAN_PAYER_USD_SOFR_5Y,instMultiplier,double,1.000000000000
FMM_BERMUDAN_PAYER_USD_SOFR_5Y,lgmCalibrationBasketAnnuities[0],double,4.323489021832
FMM_BERMUDAN_PAYER_USD_SOFR_5Y,lgmCalibrationBasketAnnuities[1],double,3.389220547685
FMM_BERMUDAN_PAYER_USD_SOFR_5Y,lgmCalibrationBasketAnnuities[2],double,2.486762075712
FMM_BERMUDAN_PAYER_USD_SOFR_5Y,lgmCalibrationBasketAnnuities[3],double,1.625804229180
FMM_BERMUDAN_PAYER_USD_SOFR_5Y,lgmCalibrationBasketAnnuities[4],double,0.797259952589
FMM_BERMUDAN_PAYER_USD_SOFR_5Y,lgmCalibrationBasketAtmForwards[0],double,0.039910719129
FMM_BERMUDAN_PAYER_USD_SOFR_5Y,lgmCalibrationBasketAtmForwards[1],double,0.039871023616
FMM_BERMUDAN_PAYER_USD_SOFR_5Y,lgmCalibrationBasketAtmForwards[2],double,0.039771929536
FMM_BERMUDAN_PAYER_USD_SOFR_5Y,lgmCalibrationBasketAtmForwards[3],double,0.040079656229
FMM_BERMUDAN_PAYER_USD_SOFR_5Y,lgmCalibrationBasketAtmForwards[4],double,0.038702272100
FMM_BERMUDAN_PAYER_USD_SOFR_5Y,lgmCalibrationBasketExpiryTimes[0],double,1.005479452055
FMM_BERMUDAN_PAYER_USD_SOFR_5Y,lgmCalibrationBasketExpiryTimes[1],double,2.005479452055
FMM_BERMUDAN_PAYER_USD_SOFR_5Y,lgmCalibrationBasketExpiryTimes[2],double,3.010958904110
FMM_BERMUDAN_PAYER_USD_SOFR_5Y,lgmCalibrationBasketExpiryTimes[3],double,4.008219178082
FMM_BERMUDAN_PAYER_USD_SOFR_5Y,lgmCalibrationBasketExpiryTimes[4],double,5.008219178082
FMM_BERMUDAN_PAYER_USD_SOFR_5Y,lgmCalibrationBasketStrikes[0],double,0.040000000000
FMM_BERMUDAN_PAYER_USD_SOFR_5Y,lgmCalibrationBasketStrikes[1],double,0.040000000000
FMM_BERMUDAN_PAYER_USD_SOFR_5Y,lgmCalibrationBasketStrikes[2],double,0.040000000000
FMM_BERMUDAN_PAYER_USD_SOFR_5Y,lgmCalibrationBasketStrikes[3],double,0.040000000000
FMM_BERMUDAN_PAYER_USD_SOFR_5Y,lgmCalibrationBasketStrikes[4],double,0.040000000000
FMM_BERMUDAN_PAYER_USD_SOFR_5Y,lgmCalibrationBasketSwapLengths[0],double,5.000000000000
FMM_BERMUDAN_PAYER_USD_SOFR_5Y,lgmCalibrationBasketSwapLengths[1],double,4.000000000000
FMM_BERMUDAN_PAYER_USD_SOFR_5Y,lgmCalibrationBasketSwapLengths[2],double,3.000000000000
FMM_BERMUDAN_PAYER_USD_SOFR_5Y,lgmCalibrationBasketSwapLengths[3],double,2.000000000000
FMM_BERMUDAN_PAYER_USD_SOFR_5Y,lgmCalibrationBasketSwapLengths[4],double,1.000000000000
FMM_BERMUDAN_PAYER_USD_SOFR_5Y,lgmCalibrationBasketVegas[0],double,1.729476081754
FMM_BERMUDAN_PAYER_USD_SOFR_5Y,lgmCalibrationBasketVegas[1],double,1.914706893705
FMM_BERMUDAN_PAYER_USD_SOFR_5Y,lgmCalibrationBasketVegas[2],double,1.721322308143
FMM_BERMUDAN_PAYER_USD_SOFR_5Y,lgmCalibrationBasketVegas[3],double,1.298526394103
FMM_BERMUDAN_PAYER_USD_SOFR_5Y,lgmCalibrationBasketVegas[4],double,0.710681108384
FMM_BERMUDAN_PAYER_USD_SOFR_5Y,lgmCalibrationBasketVols[0],double,0.010224779580
FMM_BERMUDAN_PAYER_USD_SOFR_5Y,lgmCalibrationBasketVols[1],double,0.010384103668
FMM_BERMUDAN_PAYER_USD_SOFR_5Y,lgmCalibrationBasketVols[2],double,0.010424853829
FMM_BERMUDAN_PAYER_USD_SOFR_5Y,lgmCalibrationBasketVols[3],double,0.010262352734
FMM_BERMUDAN_PAYER_USD_SOFR_5Y,lgmCalibrationBasketVols[4],double,0.010386145271
FMM_BERMUDAN_PAYER_USD_SOFR_5Y,lgmCalibrationError,double,0.000000000000
FMM_BERMUDAN_PAYER_USD_SOFR_5Y,lgmCalibrationMarketValues[0],double,0.017491850252
FMM_BERMUDAN_PAYER_USD_SOFR_5Y,lgmCalibrationMarketValues[1],double,0.019665479662
FMM_BERMUDAN_PAYER_USD_SOFR_5Y,lgmCalibrationMarketValues[2],double,0.017663807614
FMM_BERMUDAN_PAYER_USD_SOFR_5Y,lgmCalibrationMarketValues[3],double,0.013261383479
FMM_BERMUDAN_PAYER_USD_SOFR_5Y,lgmCalibrationMarketValues[4],double,0.006886957264
FMM_BERMUDAN_PAYER_USD_SOFR_5Y,lgmCalibrationMarketVols[0],double,0.010224779580
FMM_BERMUDAN_PAYER_USD_SOFR_5Y,lgmCalibrationMarketVols[1],double,0.010384103668
FMM_BERMUDAN_PAYER_USD_SOFR_5Y,lgmCalibrationMarketVols[2],double,0.010424853829
FMM_BERMUDAN_PAYER_USD_SOFR_5Y,lgmCalibrationMarketVols[3],double,0.010262352734
FMM_BERMUDAN_PAYER_USD_SOFR_5Y,lgmCalibrationMarketVols[4],double,0.010386145271
FMM_BERMUDAN_PAYER_USD_SOFR_5Y,lgmCalibrationModelAlphas[0],double,0.010663669710
FMM_BERMUDAN_PAYER_USD_SOFR_5Y,lgmCalibrationModelAlphas[1],double,0.011225792771
FMM_BERMUDAN_PAYER_USD_SOFR_5Y,lgmCalibrationModelAlphas[2],double,0.011427608450
FMM_BERMUDAN_PAYER_USD_SOFR_5Y,lgmCalibrationModelAlphas[3],double,0.010837326942
FMM_BERMUDAN_PAYER_USD_SOFR_5Y,lgmCalibrationModelAlphas[4],double,0.012303065165
FMM_BERMUDAN_PAYER_USD_SOFR_5Y,lgmCalibrationModelHwSigmas[0],double,0.010451390386
FMM_BERMUDAN_PAYER_USD_SOFR_5Y,lgmCalibrationModelHwSigmas[1],double,0.010784462788
FMM_BERMUDAN_PAYER_USD_SOFR_5Y,lgmCalibrationModelHwSigmas[2],double,0.010759779300
FMM_BERMUDAN_PAYER_USD_SOFR_5Y,lgmCalibrationModelHwSigmas[3],double,0.010002489280
FMM_BERMUDAN_PAYER_USD_SOFR_5Y,lgmCalibrationModelHwSigmas[4],double,0.011130466166
FMM_BERMUDAN_PAYER_USD_SOFR_5Y,lgmCalibrationModelKappas[0],double,0.020000000000
FMM_BERMUDAN_PAYER_USD_SOFR_5Y,lgmCalibrationModelKappas[1],double,0.020000000000
FMM_BERMUDAN_PAYER_USD_SOFR_5Y,lgmCalibrationModelKappas[2],double,0.020000000000
FMM_BERMUDAN_PAYER_USD_SOFR_5Y,lgmCalibrationModelKappas[3],double,0.020000000000
FMM_BERMUDAN_PAYER_USD_SOFR_5Y,lgmCalibrationModelKappas[4],double,0.020000000000
FMM_BERMUDAN_PAYER_USD_SOFR_5Y,lgmCalibrationModelMarketValueDiffs[0],double,0.000000000000
FMM_BERMUDAN_PAYER_USD_SOFR_5Y,lgmCalibrationModelMarketValueDiffs[1],double,0.000000000000
FMM_BERMUDAN_PAYER_USD_SOFR_5Y,lgmCalibrationModelMarketValueDiffs[2],double,0.000000000000
FMM_BERMUDAN_PAYER_USD_SOFR_5Y,lgmCalibrationModelMarketValueDiffs[3],double,0.000000000000
FMM_BERMUDAN_PAYER_USD_SOFR_5Y,lgmCalibrationModelMarketValueDiffs[4],double,0.000000000000
FMM_BERMUDAN_PAYER_USD_SOFR_5Y,lgmCalibrationModelMarketVolDiffs[0],double,0.000000000000
FMM_BERMUDAN_PAYER_USD_SOFR_5Y,lgmCalibrationModelMarketVolDiffs[1],double,0.000000000000
FMM_BERMUDAN_PAYER_USD_SOFR_5Y,lgmCalibrationModelMarketVolDiffs[2],double,0.000000000000
FMM_BERMUDAN_PAYER_USD_SOFR_5Y,lgmCalibrationModelMarketVolDiffs[3],double,0.000000000000
FMM_BERMUDAN_PAYER_USD_SOFR_5Y,lgmCalibrationModelMarketVolDiffs[4],double,0.000000000000
FMM_BERMUDAN_PAYER_USD_SOFR_5Y,lgmCalibrationModelValues[0],double,0.017491850252
FMM_BERMUDAN_PAYER_USD_SOFR_5Y,lgmCalibrationModelValues[1],double,0.019665479662
FMM_BERMUDAN_PAYER_USD_SOFR_5Y,lgmCalibrationModelValues[2],double,0.017663807614
FMM_BERMUDAN_PAYER_USD_SOFR_5Y,lgmCalibrationModelValues[3],double,0.013261383479
FMM_BERMUDAN_PAYER_USD_SOFR_5Y,lgmCalibrationModelValues[4],double,0.006886957264
FMM_BERMUDAN_PAYER_USD_SOFR_5Y,lgmCalibrationModelVols[0],double,0.010224779580
FMM_BERMUDAN_PAYER_USD_SOFR_5Y,lgmCalibrationModelVols[1],double,0.010384103668
FMM_BERMUDAN_PAYER_USD_SOFR_5Y,lgmCalibrationModelVols[2],double,0.010424853829
FMM_BERMUDAN_PAYER_USD_SOFR_5Y,lgmCalibrationModelVols[3],double,0.010262352734
FMM_BERMUDAN_PAYER_USD_SOFR_5Y,lgmCalibrationModelVols[4],double,0.010386145271
FMM_BERMUDAN_PAYER_USD_SOFR_5Y,lgmCalibrationTimes[0],double,1.005479452055
FMM_BERMUDAN_PAYER_USD_SOFR_5Y,lgmCalibrationTimes[1],double,2.005479452055
FMM_BERMUDAN_PAYER_USD_SOFR_5Y,lgmCalibrationTimes[2],double,3.010958904110
FMM_BERMUDAN_PAYER_USD_SOFR_5Y,lgmCalibrationTimes[3],double,4.008219178082
FMM_BERMUDAN_PAYER_USD_SOFR_5Y,lgmCalibrationTimes[4],double,5.008219178082
FMM_BERMUDAN_PAYER_USD_SOFR_5Y,underlyingNpv,double,-3870.671461937978
