Trade,Date,FMM grid+optionlets EPE,FMM grid+optionlets ENE,FMM grid+optionlets PFE,FMM coterminal+optionlets EPE,FMM coterminal+optionlets ENE,FMM coterminal+optionlets PFE,LGM AMC EPE,LGM AMC ENE,LGM AMC PFE,LGM classic EPE,LGM classic ENE,LGM classic PFE,LGM classic (loaded cube) EPE,LGM classic (loaded cube) ENE,LGM classic (loaded cube) PFE
NETTINGSET CPTY_A,2025-02-10,10149959.00,0.00,10149958.92,10151658.00,0.00,10151658.30,10153484.00,0.00,10153483.80,10154590.00,0.00,10154589.67,10154590.00,0.00,10154589.67
NETTINGSET CPTY_A,2025-05-12,10154805.00,0.00,10456723.93,10156992.00,0.00,10480194.14,10154862.00,0.00,10433165.59,10159222.00,0.00,10459542.19,10159222.00,0.00,10459542.19
NETTINGSET CPTY_A,2025-08-11,9931487.00,0.00,10374924.22,9933567.00,0.00,10404238.26,9932269.00,0.00,10350320.59,9939757.00,0.00,10361608.03,9939757.00,0.00,10361608.03
NETTINGSET CPTY_A,2025-11-10,9927259.00,0.00,10481322.39,9929061.00,0.00,10516980.03,9826174.00,0.00,10439141.56,9825178.00,0.00,10426481.44,9825178.00,0.00,10426481.44
NETTINGSET CPTY_A,2026-02-10,6644875.00,128085.29,10361090.36,6620990.00,137181.81,10401585.68,9613777.00,0.00,10308509.50,9602697.00,0.00,10311606.81,9602697.00,0.00,10311606.81
NETTINGSET CPTY_A,2026-05-11,6645910.00,135924.06,10498604.48,6621455.00,144514.09,10539912.67,9732644.00,0.00,10356287.63,9750836.00,0.00,10441675.38,9750836.00,0.00,10441675.38
NETTINGSET CPTY_A,2026-08-10,5355067.00,178720.19,10367947.22,5353856.00,186954.55,10409872.62,9547250.00,0.00,10166452.56,9578853.00,0.00,10312025.25,9578853.00,0.00,10312025.25
NETTINGSET CPTY_A,2026-11-10,5363827.50,190078.31,10434121.68,5362683.00,198448.56,10478199.66,9449998.00,0.00,10185510.25,9486267.00,0.00,10351800.13,9486267.00,0.00,10351800.13
NETTINGSET CPTY_A,2027-02-10,4478611.50,219654.63,10277155.30,4496083.50,228031.16,10316731.37,9237703.00,0.00,10009909.69,9264578.00,0.00,10168053.38,9264578.00,0.00,10168053.38
NETTINGSET CPTY_A,2027-05-10,4420974.00,186972.95,10083042.59,4436243.50,194298.98,10112473.17,9345740.00,0.00,9773016.75,9362980.00,0.00,9828568.13,9362980.00,0.00,9828568.13
NETTINGSET CPTY_A,2027-08-10,3822147.50,212365.92,9944363.57,3848403.75,219139.33,9973549.45,9174495.00,0.00,9564654.25,9206685.00,0.00,9672863.00,9206685.00,0.00,9672863.00
NETTINGSET CPTY_A,2027-11-10,3833376.75,224294.56,9993864.84,3859427.00,230934.84,10024206.06,9170927.00,0.00,9551287.91,9209837.00,0.00,9689114.50,9209837.00,0.00,9689114.50
NETTINGSET CPTY_A,2028-02-10,3358308.25,241378.92,9839672.70,3380509.25,248030.72,9867670.09,9010413.00,0.00,9352095.69,9041223.00,0.00,9494713.25,9041223.00,0.00,9494713.25
NETTINGSET CPTY_A,2028-05-10,3257181.75,188340.69,9470715.94,3276533.00,193484.11,9485762.76,8971022.00,0.00,9118409.54,8988788.00,0.00,9097420.94,8988788.00,0.00,9097420.94
NETTINGSET CPTY_A,2028-08-10,2884231.75,204911.75,9309457.42,2924888.00,208754.45,9327246.75,8815264.00,0.00,9102887.66,8842952.00,0.00,9071813.07,8842952.00,0.00,9071813.07
NETTINGSET CPTY_A,2028-11-13,2891703.75,212033.30,9342483.11,2931821.00,215331.92,9358434.85,8815191.00,0.00,9135280.50,8847960.00,0.00,9090176.57,8847960.00,0.00,9090176.57
NETTINGSET CPTY_A,2029-02-12,2478027.00,144354.05,8763495.95,2523754.75,146070.77,8770694.71,8624704.00,0.00,9344986.31,8619520.00,0.00,9324477.42,8619520.00,0.00,9324477.42
NETTINGSET CPTY_A,2029-05-10,2485536.50,150925.11,8791344.35,2531025.25,152398.67,8798748.80,8618814.00,0.00,9410366.69,8631015.00,0.00,9389767.11,8631015.00,0.00,9389767.11
NETTINGSET CPTY_A,2029-08-10,2180953.25,161187.06,8638469.83,2237575.00,162100.67,8645040.97,8472644.00,0.00,9436850.44,8488385.00,0.00,9374852.13,8488385.00,0.00,9374852.13
NETTINGSET CPTY_A,2029-11-13,2186271.50,166605.44,8655986.79,2242570.25,167243.83,8660895.52,8471343.00,0.00,9476768.06,8495055.00,0.00,9394553.75,8495055.00,0.00,9394553.75
NETTINGSET CPTY_A,2030-02-11,286294.53,170413.11,1138252.61,289191.16,171094.25,1152244.28,266362.13,156604.72,969906.88,292453.84,164555.59,1046057.63,292453.84,164555.59,1046057.63
NETTINGSET CPTY_A,2030-05-10,137107.48,98936.84,560224.77,138554.47,99178.23,565895.39,133121.45,93437.70,491873.78,146397.03,93430.96,524289.00,146397.03,93430.96,524289.00
NETTINGSET CPTY_A,2030-08-12,139530.52,100988.10,572882.77,140902.34,101179.81,576434.23,129616.54,93291.68,479326.63,152790.75,93552.94,541648.25,152790.75,93552.94,541648.25
NETTINGSET CPTY_A,2030-11-12,140487.58,101875.36,574843.12,141838.66,102047.30,580444.70,126402.00,93175.44,467786.72,157641.22,92749.64,549764.38,157641.22,92749.64,549764.38
NETTINGSET CPTY_A,2031-02-10,140571.75,102002.08,575315.50,141932.28,102180.34,582401.62,124297.42,93240.91,459621.20,161594.86,88519.63,553160.50,161594.86,88519.63,553160.50
NETTINGSET CPTY_A,2031-05-12,0.00,0.00,0.00,0.00,0.00,0.00,0.00,0.00,0.00,0.00,0.00,0.00,0.00,0.00,0.00
FMM_XVA_BERMUDAN_PAYER_USD_SOFR_5Y,2025-02-10,248168,0,248168,254207,0,254207,256121,0,256121,257486,0,257486,257486,0,257486
FMM_XVA_BERMUDAN_PAYER_USD_SOFR_5Y,2025-05-12,258046,0,432681,264561,0,450009,257370,0,422241,260613,0,434052,260613,0,434052
FMM_XVA_BERMUDAN_PAYER_USD_SOFR_5Y,2025-08-11,256786,0,515441,263232,0,536290,256177,0,510518,260241,0,519490,260241,0,519490
FMM_XVA_BERMUDAN_PAYER_USD_SOFR_5Y,2025-11-10,254091,0,574054,260362,0,598924,255968,0,604039,255083,0,594877,255083,0,594877
FMM_XVA_BERMUDAN_PAYER_USD_SOFR_5Y,2026-02-10,253974,0,631225,260249,0,660116,256935,0,664592,251186,0,667826,251186,0,667826
FMM_XVA_BERMUDAN_PAYER_USD_SOFR_5Y,2026-05-11,250720,361,733281,256917,337,764492,250507,274,722072,263504,0,770042,263504,0,770042
FMM_XVA_BERMUDAN_PAYER_USD_SOFR_5Y,2026-08-10,252330,1427,790695,258724,1414,820079,249364,1423,768938,265755,114,848649,265755,114,848649
FMM_XVA_BERMUDAN_PAYER_USD_SOFR_5Y,2026-11-10,252077,2991,833441,258523,3058,864214,250761,3367,810444,270182,1358,889137,270182,1358,889137
FMM_XVA_BERMUDAN_PAYER_USD_SOFR_5Y,2027-02-10,253503,4808,863776,260207,5200,898400,249140,5186,852955,265715,2335,942909,265715,2335,942909
FMM_XVA_BERMUDAN_PAYER_USD_SOFR_5Y,2027-05-10,227995,6787,796824,233275,6870,822697,229547,6645,777194,235880,5443,808338,235880,5443,808338
FMM_XVA_BERMUDAN_PAYER_USD_SOFR_5Y,2027-08-10,230754,9558,832848,236196,9728,855167,227062,9024,801547,241053,6960,859399,241053,6960,859399
FMM_XVA_BERMUDAN_PAYER_USD_SOFR_5Y,2027-11-10,234029,12772,862502,239554,13120,885808,226246,11617,815913,245056,9801,887939,245056,9801,887939
FMM_XVA_BERMUDAN_PAYER_USD_SOFR_5Y,2028-02-10,238038,15918,893982,243744,16377,916995,227535,14631,834650,246020,13360,897364,246020,13360,897364
FMM_XVA_BERMUDAN_PAYER_USD_SOFR_5Y,2028-05-10,188596,15000,706892,192230,14832,723167,189226,13949,671783,195033,13628,682947,195033,13628,682947
FMM_XVA_BERMUDAN_PAYER_USD_SOFR_5Y,2028-08-10,190974,18557,724302,194397,18257,741393,187537,16783,680706,196463,15685,709956,196463,15685,709956
FMM_XVA_BERMUDAN_PAYER_USD_SOFR_5Y,2028-11-13,193686,21131,748793,196908,20659,762562,186289,19306,686654,198424,18524,743251,198424,18524,743251
FMM_XVA_BERMUDAN_PAYER_USD_SOFR_5Y,2029-02-12,134116,16159,511455,136054,15567,517865,139991,14419,487460,134233,16172,486252,134233,16172,486252
FMM_XVA_BERMUDAN_PAYER_USD_SOFR_5Y,2029-05-10,137080,18971,529311,138892,18259,533011,135098,17053,484330,141300,18069,501259,141300,18069,501259
FMM_XVA_BERMUDAN_PAYER_USD_SOFR_5Y,2029-08-10,140762,22116,550725,142349,21227,554339,133613,18833,482035,145194,20357,520504,145194,20357,520504
FMM_XVA_BERMUDAN_PAYER_USD_SOFR_5Y,2029-11-13,142836,24296,558699,144253,23271,562689,132018,20776,476395,148135,21735,522198,148135,21735,522198
FMM_XVA_BERMUDAN_PAYER_USD_SOFR_5Y,2030-02-11,144246,25895,569126,145662,24916,576122,130827,22632,479948,144713,24623,523029,144713,24623,523029
FMM_XVA_BERMUDAN_PAYER_USD_SOFR_5Y,2030-05-10,68273,17617,280112,69006,17056,282948,65847,15059,243273,73199,16619,262145,73199,16619,262145
FMM_XVA_BERMUDAN_PAYER_USD_SOFR_5Y,2030-08-12,69369,18560,286441,70055,17976,288217,63078,15770,235990,76297,17147,270824,76297,17147,270824
FMM_XVA_BERMUDAN_PAYER_USD_SOFR_5Y,2030-11-12,69778,18921,287422,70458,18332,290222,60406,16315,227310,78588,17044,274882,78588,17044,274882
FMM_XVA_BERMUDAN_PAYER_USD_SOFR_5Y,2031-02-10,69806,18971,287658,70489,18381,291201,58835,16724,220317,80497,16201,276580,80497,16201,276580
FMM_XVA_BERMUDAN_PAYER_USD_SOFR_5Y,2031-05-12,0,0,0,0,0,0,0,0,0,0,0,0,0,0,0
FMM_XVA_CALLABLE_BOND_USD_4.5_2030,2025-02-10,9905651,0,9905651,9901311,0,9901311,9900758,0,9900758,9900758,0,9900758,9900758,0,9900758
FMM_XVA_CALLABLE_BOND_USD_4.5_2030,2025-05-12,9899029,0,10071322,9894617,0,10070957,9898059,0,10083066,9899496,0,10086878,9899496,0,10086878
FMM_XVA_CALLABLE_BOND_USD_4.5_2030,2025-08-11,9678746,0,9892241,9674378,0,9892895,9679022,0,9920303,9680278,0,9918140,9680278,0,9918140
FMM_XVA_CALLABLE_BOND_USD_4.5_2030,2025-11-10,9681613,0,9912920,9677364,0,9913994,9575148,0,9837269,9579563,0,9835126,9579563,0,9835126
FMM_XVA_CALLABLE_BOND_USD_4.5_2030,2026-02-10,6272606,0,9604420,6233624,0,9604484,9359348,0,9655396,9365176,0,9660566,9365176,0,9660566
FMM_XVA_CALLABLE_BOND_USD_4.5_2030,2026-05-11,6272934,0,9640312,6233981,0,9640073,9484576,0,9904896,9491986,0,9910324,9491986,0,9910324
FMM_XVA_CALLABLE_BOND_USD_4.5_2030,2026-08-10,4937276,0,9371830,4921719,0,9371223,9299226,0,9842302,9307636,0,9836334,9307636,0,9836334
FMM_XVA_CALLABLE_BOND_USD_4.5_2030,2026-11-10,4939029,0,9409099,4923461,0,9408617,9200163,0,9792183,9205906,0,9777837,9205906,0,9777837
FMM_XVA_CALLABLE_BOND_USD_4.5_2030,2027-02-10,4024053,0,9136686,4027139,0,9135568,8994282,0,9621861,9003269,0,9622078,9003269,0,9622078
FMM_XVA_CALLABLE_BOND_USD_4.5_2030,2027-05-10,4024000,0,9161056,4027049,0,9159191,9126508,0,9885669,9136868,0,9893059,9136868,0,9893059
FMM_XVA_CALLABLE_BOND_USD_4.5_2030,2027-08-10,3400771,0,8908604,3415288,0,8905981,8958421,0,9857638,8973329,0,9869164,8973329,0,9869164
FMM_XVA_CALLABLE_BOND_USD_4.5_2030,2027-11-10,3400772,0,8923766,3415323,0,8921328,8957817,0,9897407,8967645,0,9877583,8967645,0,9877583
FMM_XVA_CALLABLE_BOND_USD_4.5_2030,2028-02-10,2906946,0,8662134,2917565,0,8659942,8798477,0,9891107,8804510,0,9911440,8804510,0,9911440
FMM_XVA_CALLABLE_BOND_USD_4.5_2030,2028-05-10,2906436,0,8668131,2917113,0,8662077,8799012,0,9933555,8799875,0,9920484,8799875,0,9920484
FMM_XVA_CALLABLE_BOND_USD_4.5_2030,2028-08-10,2519953,0,8424847,2553251,0,8420647,8648562,0,9927279,8651468,0,9937045,8651468,0,9937045
FMM_XVA_CALLABLE_BOND_USD_4.5_2030,2028-11-13,2519965,0,8421056,2553300,0,8417970,8652570,0,9963324,8658697,0,9964265,8658697,0,9964265
FMM_XVA_CALLABLE_BOND_USD_4.5_2030,2029-02-12,2218536,0,8189150,2260187,0,8185694,8495810,0,9944833,8498418,0,9932838,8498418,0,9932838
FMM_XVA_CALLABLE_BOND_USD_4.5_2030,2029-05-10,2218426,0,8188852,2260097,0,8189123,8498473,0,10023749,8496307,0,10016119,8496307,0,10016119
FMM_XVA_CALLABLE_BOND_USD_4.5_2030,2029-08-10,1903390,0,7949709,1956803,0,7953254,8355457,0,10043582,8350119,0,10030947,8350119,0,10030947
FMM_XVA_CALLABLE_BOND_USD_4.5_2030,2029-11-13,1903454,0,7951248,1956852,0,7951941,8358248,0,10109552,8350250,0,10060597,8350250,0,10060597
FMM_XVA_CALLABLE_BOND_USD_4.5_2030,2030-02-11,0,0,0,0,0,0,0,0,0,0,0,0,0,0,0
FMM_XVA_CALLABLE_BOND_USD_4.5_2030,2030-05-10,0,0,0,0,0,0,0,0,0,0,0,0,0,0,0
FMM_XVA_CALLABLE_BOND_USD_4.5_2030,2030-08-12,0,0,0,0,0,0,0,0,0,0,0,0,0,0,0
FMM_XVA_CALLABLE_BOND_USD_4.5_2030,2030-11-12,0,0,0,0,0,0,0,0,0,0,0,0,0,0,0
FMM_XVA_CALLABLE_BOND_USD_4.5_2030,2031-02-10,0,0,0,0,0,0,0,0,0,0,0,0,0,0,0
FMM_XVA_CALLABLE_BOND_USD_4.5_2030,2031-05-12,0,0,0,0,0,0,0,0,0,0,0,0,0,0,0
FMM_XVA_PAYER_SWAP_USD_SOFR_2026_2031,2025-02-10,0,3860,0,0,3860,0,0,3395,0,0,3654,0,0,3654,0
FMM_XVA_PAYER_SWAP_USD_SOFR_2026_2031,2025-05-12,82271,84542,335821,86303,88489,353259,83987,84553,338100,88279,89166,347339,88279,89166,347339
FMM_XVA_PAYER_SWAP_USD_SOFR_2026_2031,2025-08-11,116629,120675,471431,122288,126331,492655,123346,126276,487551,123474,124235,484871,123474,124235,484871
FMM_XVA_PAYER_SWAP_USD_SOFR_2026_2031,2025-11-10,140087,148533,569651,146858,155523,596469,151399,156341,608826,146133,155601,587959,146133,155601,587959
FMM_XVA_PAYER_SWAP_USD_SOFR_2026_2031,2026-02-10,161566,171355,655383,169388,179453,684768,174689,177196,686313,168340,182005,667828,168340,182005,667828
FMM_XVA_PAYER_SWAP_USD_SOFR_2026_2031,2026-05-11,182516,195822,743360,189795,203416,770927,188625,190791,737818,196114,200768,770042,196114,200768,770042
FMM_XVA_PAYER_SWAP_USD_SOFR_2026_2031,2026-08-10,199962,211793,811713,207051,219177,839180,202151,202068,789534,216105,210530,848649,216105,210530,848649
FMM_XVA_PAYER_SWAP_USD_SOFR_2026_2031,2026-11-10,212348,226713,870304,219353,234044,899389,218528,216087,842013,238310,226772,904245,238310,226772,904245
FMM_XVA_PAYER_SWAP_USD_SOFR_2026_2031,2027-02-10,224496,238286,908737,231567,245661,935098,228607,229140,887553,244477,246549,956698,244477,246549,956698
FMM_XVA_PAYER_SWAP_USD_SOFR_2026_2031,2027-05-10,197363,208570,796824,203475,214984,822697,204476,208146,784906,207124,211449,808338,207124,211449,808338
FMM_XVA_PAYER_SWAP_USD_SOFR_2026_2031,2027-08-10,208260,220446,835115,214107,226598,855810,211426,213391,808993,220847,221584,859399,220847,221584,859399
FMM_XVA_PAYER_SWAP_USD_SOFR_2026_2031,2027-11-10,217559,230506,867823,223296,236560,890805,218053,219571,830507,230599,223662,889233,230599,223662,889233
FMM_XVA_PAYER_SWAP_USD_SOFR_2026_2031,2028-02-10,225931,238068,899651,231586,244040,922975,225612,226578,853722,237599,233546,897509,237599,233546,897509
FMM_XVA_PAYER_SWAP_USD_SOFR_2026_2031,2028-05-10,176204,187395,706892,180464,191926,723167,180514,183782,672700,183949,176441,682947,183949,176441,682947
FMM_XVA_PAYER_SWAP_USD_SOFR_2026_2031,2028-08-10,182279,195329,724302,185986,199244,741393,182987,187040,685578,189394,178688,709956,189394,178688,709956
FMM_XVA_PAYER_SWAP_USD_SOFR_2026_2031,2028-11-13,187232,200082,748793,190475,203535,762562,185336,189698,696461,194625,185263,743251,194625,185263,743251
FMM_XVA_PAYER_SWAP_USD_SOFR_2026_2031,2029-02-12,129416,132235,511455,131477,134467,517865,134726,131403,487460,131329,128288,486252,131329,128288,486252
FMM_XVA_PAYER_SWAP_USD_SOFR_2026_2031,2029-05-10,134857,136780,529311,136711,138814,533011,135465,133168,488439,140752,129274,501259,140752,129274,501259
FMM_XVA_PAYER_SWAP_USD_SOFR_2026_2031,2029-08-10,139656,141926,550725,141342,143792,554339,136562,134155,491470,146738,133309,520504,146738,133309,520504
FMM_XVA_PAYER_SWAP_USD_SOFR_2026_2031,2029-11-13,142657,144985,558699,144210,146718,562689,137693,135841,495836,151351,132945,522198,151351,132945,522198
FMM_XVA_PAYER_SWAP_USD_SOFR_2026_2031,2030-02-11,144441,146911,569126,145964,148613,576122,138728,137165,499966,147800,139992,523029,147800,139992,523029
FMM_XVA_PAYER_SWAP_USD_SOFR_2026_2031,2030-05-10,68834,81320,280112,69549,82122,282948,68062,79167,253046,73199,76812,262145,73199,76812,262145
FMM_XVA_PAYER_SWAP_USD_SOFR_2026_2031,2030-08-12,70161,82428,286441,70847,83204,288217,68137,79120,252785,76494,76406,270824,76494,76406,270824
FMM_XVA_PAYER_SWAP_USD_SOFR_2026_2031,2030-11-12,70710,82954,287422,71381,83715,290222,68239,79103,252283,79053,75705,274882,79053,75705,274882
FMM_XVA_PAYER_SWAP_USD_SOFR_2026_2031,2031-02-10,70765,83031,287658,71444,83799,291201,68147,79201,251405,81098,72319,276580,81098,72319,276580
FMM_XVA_PAYER_SWAP_USD_SOFR_2026_2031,2031-05-12,0,0,0,0,0,0,0,0,0,0,0,0,0,0,0
